<?xml version="1.0" encoding="utf-8"?><feed xmlns="http://www.w3.org/2005/Atom" ><generator uri="https://jekyllrb.com/" version="3.8.5">Jekyll</generator><link href="http://localhost:4000/feed.xml" rel="self" type="application/atom+xml" /><link href="http://localhost:4000/" rel="alternate" type="text/html" /><updated>2020-03-31T22:03:32+01:00</updated><id>http://localhost:4000/feed.xml</id><title type="html">COVID-19 México</title><subtitle>Monitoreo constante del COVID-19 en México.</subtitle></feed>